,1,2,3,4,5,6,7,8,9,10,11,12
Long-chain fatty acids,-1.834747729,-1.57717872,-0.876639641,-0.649454573,0.092881938,0.668535505,0.917843152,1.110052055,0.561364074,0.145136767,0.563740476,0.878466695
Phytoceramides,0.621698802,0.376239465,-1.502894889,-1.208703774,-0.593293258,0.374904762,1.464890266,-0.57692484,-0.527149786,1.837163761,-0.348096925,0.082166418
Phytoceramides.1,0.390138477,1.604974089,-0.647347663,0.721593529,-0.93500419,0.241487897,1.650492286,-1.099198375,-1.00571107,-0.468683946,-0.979223826,0.526482792
Fatty acid esters,-0.47447998,0.942328878,-0.734577929,-1.558859959,-0.325841671,0.619404105,-0.406270822,0.84632959,-1.5451661,0.164610378,1.042934542,1.429588969
Phosphoethanolamines,2.394229698,-0.383189437,0.780022202,-1.476462299,-0.519333167,0.530010157,-0.314987539,0.825127044,-0.536690164,-0.405407634,-0.172447848,-0.720871012
Long-chain fatty acids.1,-1.684534958,-1.601496033,-0.772874677,-0.814231244,0.420217755,0.80768377,1.395376887,0.389833772,0.629984463,-0.060035743,0.347860598,0.942215409
Phytoceramides.2,0.73726707,1.625115434,-0.712908675,-0.135301635,-0.452588195,0.188026408,0.764452362,-0.296102452,-0.602736045,-1.737634761,-0.872068813,1.494479301
Ceramides,-0.172899296,2.142812304,0.538978072,0.780258035,-0.263040892,0.8007224,0.593269509,-0.795542502,-0.784257895,-0.52733946,-0.827909084,-1.485051191
Phytoceramides.3,0.850277178,-0.115732333,-0.651071016,-0.199562839,-1.114194156,-1.236510749,-0.28649997,0.199877622,-0.331009841,2.329992631,-0.502322805,1.056756279
Lineolic acids and derivatives,-1.156403405,-1.149434383,-0.059530955,1.279645962,0.138103528,1.287450569,1.502291336,-1.008026161,-1.15733336,0.223195836,0.47230922,-0.372268188
Cinnamaldehydes,-1.117225957,-0.203227232,-0.298016846,-0.548768019,-0.147687362,1.449970959,-0.812475156,1.670323437,1.622531008,-0.532172078,-0.192564337,-0.890688417
Ceramides.1,0.541651765,1.388391088,0.253516423,-1.263467961,-1.007031748,0.728843314,0.526235535,-0.593482239,-0.592951669,-1.743322879,0.907967749,0.853650623
Secondary alcohols,-0.541568492,0.804862305,1.496511009,0.934284613,-0.361430956,0.51758281,1.401223764,-1.333453906,-1.127990457,-0.279774362,-0.358035333,-1.152210996
Phytoceramides.4,0.003085468,-0.503475283,-1.443943113,-0.29825903,-0.663942943,0.182363765,0.09408127,-1.50730298,0.164453957,1.613249762,1.629286626,0.730402501
Resorcinols,0.015936184,-1.277445241,-1.316412855,-1.434059335,1.177865651,-0.127275158,0.501769477,-0.657139093,1.10824322,0.076761725,1.408203922,0.523551503
Long-chain ceramides,-1.592773532,0.125331748,0.010136989,-0.887607064,-0.338991495,1.124954624,-0.098728392,0.410087587,-1.040227391,1.99074589,0.859798578,-0.562727542
Lineolic acids and derivatives.1,-0.951320789,-0.734128561,-0.645823099,-0.322854229,-0.570670959,-0.242341271,-0.177362976,-0.42597071,0.601230492,0.464715948,2.795783594,0.208742559
Fatty aldehydes,-1.751131259,-1.427583715,-0.822512887,-0.773705436,0.359222277,0.587327673,0.144833978,1.397997418,1.183857791,0.124952275,0.116293194,0.860448691
Long-chain fatty acids.2,-0.919275475,-1.174553159,0.730224127,-1.420490301,-0.385191587,2.122975226,0.122832954,0.547903203,0.910872848,0.250839345,-0.554375331,-0.231761849
Oligosaccharides,1.14808093,-1.190600698,-0.102648081,-1.762045325,0.82586184,0.545779089,-0.105213939,-1.046461939,1.555713087,-0.145840338,0.678587438,-0.401212064
Long-chain fatty acids.3,-2.003793586,0.769217155,-0.724623151,0.336729395,-0.617172817,-0.19677252,-0.012646671,2.01859944,0.294238301,-0.70341801,0.823710251,0.015932214
Medium-chain fatty acids,-1.332797575,-0.791827606,-1.043398101,-1.060999082,-0.091780064,-0.692158847,0.141988022,0.390655943,0.696472792,1.15783759,1.786481274,0.839525655
Fatty acyl glycosides of mono- and disaccharides,-0.323112325,0.105129381,1.527650413,0.116749103,0.319980223,0.149835359,1.477811787,-0.717509789,-1.575938846,-1.637964544,0.721275185,-0.163905947
Stigmastanes and derivatives,1.028207758,1.165457569,-0.287561188,0.078847402,-1.526636245,-0.56881713,1.707180224,-1.288719164,-0.377412968,-0.135324864,-0.63396525,0.838743855
Ceramides.2,1.332402045,1.209002965,0.897942759,0.349554601,0.196239169,0.349825106,-0.724598538,-1.499856736,-1.720828621,-0.830080081,0.495668564,-0.055271233
Saccharolipids,0.805356895,0.140470285,0.85323752,-1.842646907,0.810455515,-1.839743171,0.145233479,-0.788751656,0.630343225,-0.048092132,0.076755957,1.05738099
Long-chain fatty acids.4,-1.139414127,-0.805894189,-0.566599415,-1.059232967,-0.118152663,1.567585784,-0.148904547,1.630641443,-0.000899774,-0.917640068,0.331890936,1.226619585
Tyrosine and derivatives,0.655018973,1.993805995,0.377278347,-0.105692606,-0.23049543,-0.603888698,-0.89775069,-1.343357969,0.374894545,0.518375399,0.799683558,-1.537871425
Vitamin K compounds,0.227235929,2.439416935,-0.003518629,-0.802951701,-0.492917302,-0.722311106,-0.707879906,0.83771337,-0.820789211,0.337992531,0.735691381,-1.027682291
Long-chain fatty acids.5,-1.604865493,-0.801886536,-0.978984222,-0.852364681,-0.288739712,1.419956853,1.821539916,0.612209039,0.207998222,-0.190361873,0.258274866,0.397223622
Ceramides.3,0.862160925,1.276398465,-1.475726911,0.462856345,-1.168815249,0.20007592,1.006442801,-0.562922057,0.11662109,-0.736035692,-1.20378445,1.222728813
Glycosyl-N-acylsphingosines,1.218457487,-0.638585315,0.07219781,-0.400404132,0.537602368,0.342187917,1.942776595,-1.125687348,-0.904808889,-1.419477297,0.731095437,-0.355354633
Long-chain fatty acids.6,-1.465200393,-1.636541485,-0.845877682,-0.018621687,-0.513375675,1.043302617,0.483524537,0.079651188,-0.158315342,0.375891154,1.623182826,1.03237994
Phytoceramides.5,-0.828611828,-0.540408191,-1.406556396,-0.628924406,-1.392446669,1.511387239,-0.117754988,1.297628776,0.553962894,0.655858566,0.990240732,-0.094375727
Phenylalanine and derivatives,-1.91025224,-1.178822604,0.192963584,0.164833259,0.749225001,1.997227319,0.00180502,0.331107878,-0.840807737,-0.169182561,0.70670393,-0.044800848
Long-chain fatty acids.7,-1.74198024,-1.137212267,-1.061568761,-0.735853891,-0.426992036,0.673053936,0.105314814,0.762564142,1.04610564,0.687181306,1.432400463,0.396986893
Long-chain fatty acids.8,-0.53653686,-0.529415536,-0.421762572,-0.450450382,-0.200658837,-0.151197769,-0.344111392,-0.304490678,-0.230270955,0.095884628,3.116519627,-0.043509274
Quinoxalines,0.111001592,2.364391494,-1.297138419,0.301754939,0.384923395,0.18041976,-1.159065003,-1.211336945,-0.217485527,0.725790243,0.052175012,-0.235430543
Phenylpyridines,-0.805252362,0.364370084,-0.092393785,-0.312513366,0.453761454,0.410757648,-0.139469762,2.716645811,-0.370412242,-0.735968055,-1.269246781,-0.220278643
Stilbenes,-1.481083777,-1.141477597,-0.611712034,-0.756126125,-0.290173687,0.460120689,-0.127427012,2.019717836,-0.169784487,0.288632588,1.361356052,0.447957553
Ceramides.4,-2.654023931,-0.948423379,0.082522475,0.369436963,0.446609901,1.186119803,0.646226781,0.841073945,-0.334031544,0.190341271,0.184620843,-0.010473127
Long-chain fatty acids.9,-1.686404028,-1.275961734,-1.126740809,-0.723293427,-0.258294083,0.80316799,0.448589086,1.186194664,0.405275734,0.405906784,1.372911626,0.448648197
Long-chain fatty acids.10,-1.904000524,-1.150022079,-0.855542837,-0.672028928,0.026287009,0.4743967,-0.324702463,0.81279492,1.313553216,0.371654215,1.265097817,0.642512953
Stigmastanes and derivatives.1,0.660216481,1.422474607,-0.631718584,-1.044193943,-1.351962462,-0.607821725,1.227476527,-1.337016302,-0.274671226,1.032602607,0.385845828,0.518768192
Ceramides.5,0.264920967,1.449841669,1.006077087,0.601536815,-0.304873025,0.95776681,0.320643925,-0.832893679,-2.275139199,-0.405738941,-0.381240446,-0.400901983
Phytoceramides.6,0.626960134,1.210241949,-0.50911424,0.514672648,-0.573888147,0.242677052,1.855495659,-0.943263748,-1.604220383,-0.088453625,-1.089671648,0.358564349
Oligosaccharides.1,0.020438887,0.887799489,0.88315472,0.339811216,-0.859188389,0.0664982,2.037844322,-1.242328003,-1.320435403,-0.737194151,-0.580059251,0.503658364
Monomethylphosphatidylethanolamines,1.242696321,1.146448272,2.04007364,0.253635543,-0.565804351,-0.795654442,-0.592453605,0.375563473,-0.596825544,-0.734843469,-0.853162019,-0.91967382
Carotenes,-1.097710582,-1.522880517,-1.087087905,0.518128391,0.244155044,0.150925379,-0.494923503,-0.483881551,1.393485674,-0.110312301,1.697761488,0.792340384
Long-chain fatty acids.11,-0.880768358,-1.075541286,-0.654649648,0.130345016,-0.868361396,0.419909877,1.273979648,-0.416113752,-0.427207074,-0.310629271,0.490457758,2.318578487
Phytoceramides.7,-0.668431334,0.528183177,-1.32834262,-0.069870468,-1.050394464,0.947375997,-1.272820274,1.004968782,0.159979354,0.538998073,1.793741595,-0.583387818
Lineolic acids and derivatives.2,-1.000808743,-0.622625973,-0.84993586,-0.495224122,-1.366083899,0.090461505,0.23805972,-0.118739325,2.227447853,0.05569147,1.057407649,0.784349724
Tocopherols,-1.134145586,-1.045025903,-0.227436814,-0.758188991,0.688244658,2.199549342,0.761771874,0.64132566,0.096457432,-1.271955616,0.202702106,-0.153298162
Lineolic acids and derivatives.3,-1.242673996,-1.092178894,-1.287428902,-1.082579543,-0.426645534,0.734852696,-0.007148545,1.260750399,1.35933095,0.3780173,0.970431666,0.435272403
Methylpyridines,-0.225980494,0.2094576,-0.236590734,-1.106210309,-0.150787503,-1.207910239,-1.131683301,1.305465154,-0.966768038,1.384939611,0.911587351,1.214480903
Medium-chain keto acids and derivatives,-1.424517517,-0.136597937,0.170190417,-0.182141254,0.558373893,0.68894014,-0.121090546,2.018934467,1.202409855,-0.950571678,-0.907757016,-0.916172821
Oligosaccharides.2,1.021367908,1.721077419,0.011173584,-0.227650887,-0.342425129,-1.261143991,-0.753154581,1.601259014,-0.243080132,0.328437582,-1.255550696,-0.600310091
Short-chain keto acids and derivatives,-1.692390843,-0.73866338,-0.288656145,0.778305187,-0.387318756,-0.534070616,-0.943500701,0.237062533,0.985071951,1.969701843,0.797431905,-0.182972978
Long-chain fatty acids.12,-1.368175756,-0.948862232,-0.844381895,-0.728937694,-1.132938201,-0.302172516,0.79104914,0.147562202,0.813473471,1.156492704,1.065024505,1.351866273
Ceramides.6,-0.085494072,1.209489763,-1.275104205,-0.167246982,-0.946594281,0.66755071,0.440527745,0.908861825,0.668785979,-0.633308087,-1.86950463,1.082036236
Fatty acid esters.1,2.520141373,1.008388437,0.512180289,0.243726461,-0.077610939,-0.451238241,-0.667774413,-0.7973705,0.130059503,-0.940743982,-0.845213288,-0.6345447
Glycosyl-N-acylsphingosines.1,0.061209862,-0.06507265,0.215399444,1.464750483,0.10617198,-0.606212797,0.056292734,-1.017982973,-1.228754116,-0.974646217,2.20776064,-0.21891639
Secondary alcohols.1,-1.119413463,-0.686309393,-0.595779249,0.564404477,-0.215129602,1.963714746,1.217388877,-0.225682638,-1.576592952,-0.081199682,0.818895661,-0.064296783
Saccharolipids.1,-0.060906156,-1.446426224,-0.568925249,-0.250650645,-0.622231284,-1.429054026,1.198342461,1.381920756,-0.41185439,-0.009727882,1.343963789,0.87554885
Saccharolipids.2,-0.718035488,-1.322031373,-1.496781609,-1.087760608,-0.144170782,-0.087054602,0.820630616,1.501658659,1.052143223,0.318018991,1.067197045,0.096185928
Long-chain ceramides.1,-1.29111119,0.063237609,0.196138162,0.392886069,-1.246902648,0.695567549,1.829032351,-1.597190712,-0.261102153,0.834010384,0.618873222,-0.233438644
Glycosyldiacylglycerols,-0.072901808,0.145676436,2.832971645,0.311280773,-1.07808069,0.098345725,-0.183770539,0.156267297,-0.436134999,-1.077293741,-0.230952762,-0.465407338
Lineolic acids and derivatives.4,-1.041363188,-0.823785398,-0.676991768,-0.475833303,-0.787391028,0.604594357,1.54851418,1.639655819,1.312103156,-0.63034956,-0.072393017,-0.596760249
Lineolic acids and derivatives.5,-0.166146318,-1.668194489,-0.094957198,-1.392458188,-0.931027237,0.408903711,0.30547155,1.202637244,1.848021669,-0.170319112,0.269104947,0.388963422
Pyrimidine nucleotide sugars,0.693741376,-0.93899352,0.099258891,-1.247990897,0.203420898,0.536948919,-0.924416926,-1.323146456,2.120782797,0.339649975,0.681085633,-0.240340691
Long-chain fatty acids.13,-1.168027929,-1.060171757,0.07104783,-0.600063796,0.172550813,1.394085235,-1.387876946,-0.755447869,0.86051757,0.074261555,1.037444527,1.361680766
Lineolic acids and derivatives.6,-1.426803854,-0.051846915,-0.692751604,-0.594736084,-0.279399907,-0.350464059,-0.173933983,2.084640851,1.858899214,0.016660709,-0.292907397,-0.09735697
Long-chain fatty acids.14,-1.51035104,-0.55115678,-0.315064135,-1.069477846,-0.216911623,0.902522936,0.168567967,0.887481344,0.593612857,-1.302251097,1.723619245,0.689408171
Alpha amino acids and derivatives,0.448559414,-0.900186845,0.745451099,0.026810441,0.864261873,1.459090639,-0.4761832,0.789934807,0.716835472,-1.759217359,-0.595458156,-1.319898184
Glycerophosphoserines,0.553966562,1.483353954,0.485281067,1.018494501,-1.81665357,-0.669605451,0.621694453,-0.794099259,-0.760673124,0.6796955,-1.13980773,0.338353098
Hydroxybenzoic acid derivatives,-1.244950568,-0.039242509,0.382532714,-0.091231037,0.79027396,0.814240419,0.397055468,0.830143228,1.712396619,-1.246336746,-1.246503454,-1.058378093
Hexoses,-1.128152559,1.003071438,0.784189443,0.466346524,0.264297397,1.312086862,0.160384165,0.019427165,1.007601892,-1.208299937,-1.307623395,-1.373328996
Glycosylmonoacylglycerols,-2.395310834,-1.310963325,-0.047633474,-0.123498686,0.255900629,0.599440501,1.035811214,1.019869406,-0.30540113,0.785680178,-0.039591268,0.525696789
Purine ribonucleoside monophosphates,-1.410417231,-1.501470637,-1.224040375,0.324569842,0.055736288,0.285755392,0.603312414,1.881091964,1.054293944,0.142892768,-0.180244802,-0.031479566
Lineolic acids and derivatives.7,-1.468177282,-1.400518925,-0.940324858,-0.763315251,-0.289295688,0.459953199,0.052653052,0.630263017,0.039516736,0.856423741,1.440587263,1.382234996
Indolyl carboxylic acids and derivatives,-1.263006236,-0.546658484,-1.314368522,-1.501070886,-0.440606686,1.218856574,0.16850841,0.555544698,0.07203723,0.995312044,1.018946885,1.036504971
Long-chain ceramides.2,-1.669916433,-1.537017631,-0.466586612,-0.647779104,-0.301877834,1.322701709,1.113868774,0.690859329,-0.385947639,0.55800178,1.059697781,0.263995879
Vitamin D and derivatives,-1.030017448,-1.065692236,-0.363106336,-0.295523015,0.696521879,0.914659783,-0.197442033,1.97610848,1.159497804,-0.115154007,-0.315616274,-1.364236595
Methoxyphenols,-0.938687394,1.775455542,0.546333451,-1.352234751,-1.408801351,0.449280833,-1.009290673,0.831458618,0.534078011,0.522310172,-0.412979083,0.463076627
Glycosylmonoacylglycerols.1,-1.925254282,-1.485051592,-0.532849054,-0.568666453,0.131890075,0.641614281,0.786382361,0.349825412,-0.29877253,1.488091234,0.774218735,0.638571813
Glycosyl-N-acylsphingosines.2,-1.953795713,-0.451970753,1.420843162,0.263428948,0.760224616,1.187999855,0.827875724,0.495285748,-1.025078429,-0.38648847,-0.816339073,-0.321985614
Stigmastanes and derivatives.2,-1.634207348,-0.63317401,-1.408665399,0.56697654,-0.732559738,0.254172812,0.762382756,1.968222055,0.748344972,0.075652011,0.01616336,0.016691988
Lysophosphatidylglycerols,-1.760361757,-1.061329774,-0.093527818,-1.211988418,0.807487875,0.154524692,-0.659521199,1.481817344,0.879070018,0.94047862,0.574856351,-0.051505935
Phosphosphingolipids,1.213879833,1.854187763,0.682381788,0.009696396,0.066958344,-0.77141894,-1.309265889,0.59877612,0.367956477,-0.820996481,-1.364951623,-0.527203788
Phytoceramides.8,-1.072954279,1.838206537,-0.731646865,1.452704298,-0.059670926,-0.717442131,-0.707249681,-1.018874804,0.475543503,-0.221053614,-0.393976147,1.15641411
Ceramides.7,-1.234352411,-1.483121415,-1.282939075,-0.774824498,-0.160252952,0.6092653,1.605632753,0.803792363,0.047157781,0.563075816,0.997215853,0.309350486
Coumaric acids and derivatives,-1.199003651,0.026733094,-0.233815041,-0.955119105,0.265227307,1.034760211,-0.926997788,0.839436704,1.884137397,-0.503973965,0.898942199,-1.130327362
Vitamin D and derivatives.1,-0.955442608,0.737746657,-0.665904311,-1.098110414,-1.132908864,0.969823007,-1.070529663,0.676233351,-0.086808237,0.678969364,0.050857281,1.896074436
Medium-chain fatty acids.1,-1.067258247,0.388054621,-0.656914223,-1.170251982,-1.422810461,0.145053621,-0.436909123,2.133797009,0.439852651,0.437929819,0.564151952,0.645304363
Long-chain fatty acids.15,-1.627757308,-1.536466912,0.833993868,1.395622674,-0.48957268,0.452160954,0.665248005,-0.411698517,0.759523366,-0.671854424,1.044429497,-0.413628522
Stigmastanes and derivatives.3,-1.384474128,-0.621326673,-1.044053458,-0.095109582,-0.817985903,0.22108283,0.244550371,0.600342993,2.438678752,0.000562373,-0.222787465,0.680519891
Fatty acid esters.2,-0.395269711,0.540023554,0.531521371,-0.467330022,0.180386075,0.565177319,-0.77398816,1.845380157,1.243626571,-0.557496629,-1.638689669,-1.073340856
"Ergotamines, dihydroergotamines, and derivatives",-1.503588427,-0.855905301,-0.838485334,-0.808890275,0.937475611,0.880242798,0.354912742,1.272881203,1.668808803,-0.446313988,-0.177698548,-0.483439283
Stigmastanes and derivatives.4,-1.726746165,-0.697358323,-1.423554161,0.118275506,-0.644063051,0.568119174,1.199356805,1.479134263,0.227625649,0.088769128,-0.202879379,1.013320554
Phosphosphingolipids.1,-2.311737763,-1.549723479,0.559110457,0.78009061,0.730729276,0.619195971,-0.638973373,0.601255612,0.568293639,0.063655188,0.013548844,0.564555018
Long-chain fatty acids.16,-0.725279176,-1.457037618,-0.644566603,-0.519012241,0.528513692,1.6718663,1.765883543,0.659862351,-0.786840789,0.308118983,-0.437369793,-0.364138649
Alkyl-phenylketones,0.231354733,-1.386665233,1.801607678,-1.495381001,1.003471888,-0.974174488,-0.381807957,0.779832104,0.858844155,-0.165359097,-0.013551912,-0.258170869
Phytoceramides.9,-1.84858882,-1.642917116,0.273676442,0.658855454,0.322384648,0.666480381,0.693406172,0.339940119,-0.765258906,-0.150537313,1.611380493,-0.158821555
Oligosaccharides.3,-0.910571365,1.143705734,-0.258832661,-0.428005735,1.56177514,-0.274865354,0.275047199,0.456655051,0.56491049,-1.561296764,0.91893414,-1.487455875
Hydroxycinnamic acid glycosides,1.386667263,1.572946509,1.3914011,-0.231804623,0.683724942,-0.689408496,-0.798731338,-0.484719307,-0.00275403,-0.833442499,-1.236900795,-0.756978726
Hydroxycinnamic acids and derivatives,-1.580051965,1.000750633,0.016934027,-0.693670691,-1.124083864,1.08175007,-1.012751011,1.10680998,1.128241306,0.847114257,-0.230210372,-0.54083237
Ureas,-0.470138857,-2.041169402,0.687287429,-1.368451917,1.356032705,0.019577338,0.385961555,0.037833356,0.191684741,-0.073907209,-0.20573458,1.481024841
Phosphosphingolipids.2,0.383550755,0.596088028,-0.221651784,0.30187469,-1.012656385,0.93358748,1.161585434,1.73467824,-0.594469129,-1.268684538,-1.242542096,-0.771360696
Medium-chain 2-enoyl CoAs,0.190511837,0.46918961,0.967476019,2.46464894,0.028269271,-0.901703815,0.062641621,-1.274904676,-0.736950297,-0.455947679,-0.083946033,-0.729284798
Heteroaromatic compounds,0.677305133,-0.819061016,-0.55369122,-0.896912947,-0.279604798,1.250312428,-0.671755157,-0.55388627,-0.687427466,-0.735323412,1.632601796,1.637442929
Ceramides.8,-1.123722384,0.440226784,2.003882708,0.283820926,-0.310036464,0.600239764,-0.137233986,1.246175017,-0.893154312,-1.420591097,0.08273007,-0.772337026
Glycosyl-N-acylsphingosines.3,-1.542456689,-1.03497535,0.522659693,1.280904688,-1.32973935,0.158910674,-0.93489414,1.057841131,0.77951585,-0.418009244,0.749069231,0.711173508
Dipeptides,-0.540063035,-0.865795072,0.238312901,-1.051739065,0.644315244,1.613555956,-0.819436648,1.02360671,1.37550148,-0.324354751,0.135201222,-1.429104944
Vitamin D and derivatives.2,-0.94425699,1.592798271,1.070676181,-0.188321749,-0.271997756,1.687542406,-1.431368982,-0.993552024,-0.086455207,0.344847129,-0.415352984,-0.364558297
Fatty acid esters.3,-1.030610248,1.65532587,-0.434543204,-1.159988396,0.202867041,-0.238521737,-0.980660154,1.644360029,1.023169632,-0.274252565,0.385791526,-0.792937793
Phosphosphingolipids.3,-1.111625119,-0.708824685,-0.584896739,-0.874525145,0.436255292,-0.364975317,0.680671732,2.557401181,0.770334478,-0.371639487,-0.262149134,-0.166027057
Indoles,-0.004869461,-0.287717605,1.069496602,-1.080203227,2.141921709,0.60396683,0.292255918,0.562823771,-0.28140962,-1.091506358,-1.21616951,-0.708589047
Dipeptides.1,-1.453227655,-0.817032235,-1.108027193,-1.198979439,-0.372137264,0.269265995,0.082011029,0.971009242,0.298375206,0.559535583,1.666006893,1.103199836
Long-chain ceramides.3,-1.852294824,-1.761690372,-0.455310436,-0.107973649,-0.261950499,0.611494816,1.036194796,0.791881636,-0.379695781,0.900821166,0.904340116,0.574183032
Phytoceramides.10,-2.040547525,0.356737054,0.926303511,1.223965977,-0.811746726,0.959037018,0.997514361,0.213771182,-0.774389609,-0.983665617,-0.319702452,0.252722826
Hydroxycinnamic acids and derivatives.1,-0.723633177,0.439780817,0.46283259,-0.623875532,0.519170517,0.57843471,-0.800366685,1.955510359,1.053825298,-0.267979441,-1.476824263,-1.116875191
Heteroaromatic compounds.1,-1.661013675,-1.517012431,-1.067364463,-0.904764688,0.634739627,1.169053227,0.75420415,0.596370219,0.737726443,0.044876783,0.553598433,0.659586375
Isoflavonoid O-glycosides,-1.159578733,-0.277113449,-0.590944357,-0.482288104,-0.221300936,0.393222035,-0.041922764,0.218675706,0.626104781,-0.866329487,2.73656287,-0.335087563
Epigallocatechins,2.054860811,-0.923204361,-0.030863719,-1.600079829,0.881066263,0.251482905,0.249551832,-0.95224198,0.762175296,-0.539683423,0.502944922,-0.656008717
Coumaric acids and derivatives.1,-2.067142695,0.285077726,1.33953571,0.298639228,-0.072983178,0.166361761,0.840837823,-1.345788196,1.386299271,-0.10136489,-0.284773935,-0.444698626
Pyridines and derivatives,-1.131505324,0.03830308,-0.674239281,-0.331925638,-0.186452721,-1.277511107,-0.557653645,2.357918209,0.819019612,-0.339259634,0.698978079,0.584328371
Glycosyldiacylglycerols.1,-1.664283723,-0.215181702,0.448183251,1.741405527,-0.490570139,0.939810351,0.496067007,-0.382378214,-1.422076531,-0.291852427,1.118034434,-0.277157833
Glycosyldiacylglycerols.2,-1.680029631,-1.588404611,-0.523364278,1.005150058,-0.156553987,0.637532287,1.238917613,0.353809868,-0.519264854,-0.358224496,1.350410478,0.240021552
C20-gibberellin 6-carboxylic acids,-2.211315626,-1.561644334,0.035763374,-0.474822769,0.126849669,1.176604493,0.482839566,0.71577416,-0.170462372,0.698103988,0.795267566,0.387042285
Phosphoglycosphingolipids,0.834659559,-0.40488079,-0.282477382,-1.00371324,0.054928508,0.080162657,1.574491685,-0.294160246,2.008971971,-0.529310438,-1.222994501,-0.815677784
Biotin and derivatives,-0.497739444,-0.667578189,0.346166607,0.167605542,0.286662784,1.475377753,-0.939043347,1.111154488,1.600241329,-0.483188901,-0.965451923,-1.434206701
Fatty amides,-0.757746633,1.618969415,0.73787266,-0.762884399,-0.41204835,2.010256874,-1.185330887,-0.531626199,0.254277807,0.119479447,-0.775222954,-0.315996781
Alpha amino acids and derivatives.1,2.121106155,0.131270752,0.504868217,-0.203905352,-0.345111277,-0.964459514,-0.783002177,-0.457843904,0.073217472,-0.224185716,-1.383480538,1.531525882
Alpha amino acids,-0.955845176,1.378350095,-0.333738241,-1.226517891,-0.392459765,-0.663141979,-0.476325941,2.246451626,0.47434769,-0.183020332,0.533052428,-0.401152514
Ceramides.9,-0.495307237,-2.012017048,-0.602555122,-0.578113651,-0.9746507,0.462744076,0.885006365,1.763571035,0.021677199,0.787925753,0.537148973,0.204570356
Long-chain ceramides.4,-1.810068462,-1.629918626,-0.045563167,-0.051836507,-0.753802472,0.839301399,1.006609733,0.92440357,-0.547672525,1.034878122,0.608132421,0.425536514
Ceramides.10,-1.94234374,-0.6601719,0.930203594,-0.657380062,-0.91438582,1.320081363,0.556711059,1.070718359,0.655993808,-0.197806038,-0.77954117,0.617920548
Glycosyldiacylglycerols.3,-1.514134604,-1.503967176,-0.238431752,1.861400034,-0.19040469,0.004197133,1.030226356,-0.010784425,-0.573611732,-0.1620171,1.20956509,0.087962867
Glycosyldiacylglycerols.4,-1.245375126,-1.860713652,-0.245104643,0.188497236,-0.058611737,1.021995668,0.976744712,1.05037185,-0.825849836,-0.068625987,1.408071356,-0.341399842
Ceramides.11,-1.38333108,-0.357956878,0.450657574,-0.149010164,-0.19268664,0.641193471,-0.150950651,1.610231813,-1.349543508,0.23789967,1.660435648,-1.016939254
Methoxyphenols.1,0.148369694,0.047055498,0.398486722,1.341567145,0.888751686,0.4017105,1.005635288,-2.424072008,-0.073777416,-0.666152666,-0.816134302,-0.251440141
Fatty acyl glycosides of mono- and disaccharides.1,-1.175891709,-0.568564041,-1.620151243,0.280359959,-0.876966591,0.720734435,1.381024263,1.278563468,0.354674945,-0.376221345,-0.508484189,1.110922046
Monomethylphosphatidylethanolamines.1,-1.657674189,-1.209785921,-1.257256835,0.762154234,0.84025118,1.159825674,1.248768618,-0.348070686,-0.636107508,0.127867761,0.528065024,0.441962649
Lysophosphatidylglycerols.1,-0.537507627,-0.9438717,1.123890962,-0.621702428,-0.884453439,-0.751697047,-0.342479141,-0.472519936,-0.468760235,1.033662554,2.170659248,0.694778789
Monomethylphosphatidylethanolamines.2,2.256698211,1.447377001,0.269309565,-0.408073465,-0.700825833,-0.307116557,-0.78105435,0.317286437,0.06723321,-0.116306114,-1.313015144,-0.73151296
Pyrimidine nucleotide sugars.1,2.052166369,-1.131145639,1.578891728,-0.739915176,0.831905563,-0.340418058,-0.173957919,-0.715514041,-0.371763824,-0.947428956,0.180863818,-0.223683865
Methoxypyrazines,-0.238043668,-0.408796576,0.39915522,-0.291308695,-0.442448398,-0.56018442,-0.647333852,0.12673541,1.081045615,2.446464334,-1.557259788,0.091974819
Resorcinols.1,-1.554614514,-1.482444512,-1.289878701,-0.820746616,0.356121658,1.08945883,0.197418867,0.94710871,0.788636003,0.47887443,0.884809077,0.405256769
Disaccharides,0.269457647,0.264749903,-0.161662831,0.063430086,-0.886693453,-1.51824083,1.404676655,0.855104535,-1.343526739,0.863021045,-1.01504125,1.204725232
Long-chain ceramides.5,-1.454595486,0.285219838,0.214766375,-0.152882441,-1.496804614,0.986657755,0.474313404,1.423025466,0.868647907,-0.575198466,-1.291502466,0.718352727
Phosphosphingolipids.4,2.228986929,0.857852415,1.334140651,-0.000433846,-0.486593223,-0.177967399,-0.912567909,-0.619350113,0.178757179,-0.578113304,-0.912357074,-0.912354305
Stigmastanes and derivatives.5,-0.873102021,-0.317016853,-1.333060052,-0.040792431,-0.774809703,-0.525368094,-0.125668527,-0.935699621,0.67057658,1.636834635,1.177387432,1.440718656
Glycosyldiacylglycerols.5,-1.799900367,-1.417534966,-0.263015589,1.262142518,0.208711781,0.413607855,1.021159315,0.802891745,-0.877394028,-0.608446182,0.986456507,0.27132141
Glycosyldiacylglycerols.6,1.853155157,0.859096946,1.172818191,-1.053478976,-0.224887116,-0.35903858,0.981189218,-0.188887486,-1.193780905,-0.284813868,-0.311975131,-1.24939745
Lineolic acids and derivatives.8,2.641782326,1.421866817,0.116465576,-0.346870235,-0.51527911,-0.505118688,-0.515217899,-0.506818048,-0.474270335,-0.487441596,-0.324571173,-0.504527635
Xanthophylls,1.915248554,1.740089595,0.98847372,-0.289539295,-0.87181847,-1.105772819,-0.059443642,-0.253446796,-0.355389807,-0.730344768,-0.653991239,-0.324065032
Stigmastanes and derivatives.6,-1.026970213,-0.734903483,0.104378258,1.017386586,-1.882608055,0.024323101,0.314144763,-0.839916422,-0.373251494,1.191291764,1.198824285,1.00730091
organic acids,-0.946464949,1.026835873,0.193933653,-1.027314109,-1.053904041,0.374223727,-1.11839882,0.758317288,1.181519732,1.515358847,-1.076234369,0.172127168
C20-gibberellins,0.364117719,-0.594600927,0.883101043,-0.263062113,-0.41773178,1.546569437,-2.292121095,1.069749515,0.441710564,0.199046149,-0.584005676,-0.352772835
Hippuric acids,-1.09514259,1.218084413,-0.156240264,0.62994678,-0.436921425,-1.195094378,-1.334728982,1.640115647,-0.021609632,0.016993455,1.243222371,-0.508625395
Indole-3-acetic acid derivatives,0.703315479,0.842233164,-0.415631009,-1.603703676,-0.494255903,-0.838916259,-0.879171129,1.66424104,1.428545625,-0.450583701,0.419413483,-0.375487112
Cinnamic acid esters,0.134663163,1.276435728,-0.421028097,-0.67537381,-0.239302476,-1.129056403,-1.008734386,2.249365198,-0.758795783,0.751539077,-0.366650313,0.1869381
Hexoses.1,1.992345793,2.151682915,0.057348688,-0.091941509,-0.14680578,-0.620960483,-0.422818695,-0.447889807,-0.439980489,-0.529667789,-0.723720813,-0.77759203
C20-gibberellin 6-carboxylic acids.1,-0.455910109,-0.220369208,-1.849344756,-0.247008952,0.552706451,0.163227354,1.031917319,1.625966408,1.215353421,-1.240423107,-0.429582441,-0.146532379
Alkanes,-0.395058676,1.177665951,-0.677315572,-0.765841247,-0.689705373,0.649397593,-0.917553881,-0.826738172,0.082948899,0.047762284,-0.127591521,2.442029716
Indolines,1.457102113,0.964306171,1.628272902,0.780566543,0.43876346,-0.663834914,-0.281462765,-0.595036826,-0.822273187,-0.741860346,-0.922871933,-1.24167122
Purine ribonucleoside monophosphates.1,-1.056744503,1.324113112,0.962221389,-0.778396437,0.816269625,0.697793488,-1.478384557,1.08515837,0.159806638,0.240002733,-0.82065138,-1.151188477
Cinnamaldehydes.1,0.743750929,1.389961199,2.305167065,-0.176833603,-0.020064578,-0.110115557,-0.335794217,-0.533100485,-0.631254256,-0.691870503,-0.998446877,-0.941399117
Alpha amino acids.1,-1.957806395,-1.797927124,-0.736982854,-0.279619948,0.459773691,0.75761181,0.281594171,0.676053201,1.007999373,0.312711194,0.815376516,0.461216364
Retinoids,-1.402836278,-1.254291574,-0.944895049,-0.720423773,-0.176761814,0.435925323,-0.67856569,1.503902148,1.176096157,0.608928407,1.109886367,0.343035775
Lineolic acids and derivatives.9,-0.938238162,-0.920591298,0.060724651,-0.830936383,-0.570275841,-0.333576728,1.038536438,2.356146072,-0.19551385,1.085925131,-0.451087838,-0.30111219
Phosphoethanolamines.1,-0.417286536,-1.553259734,0.529124556,-0.027748674,-1.439918781,1.936452246,1.421346506,0.243473577,-0.141877255,-0.188969591,0.052434893,-0.413771208
Phytoceramides.11,-0.826547771,-1.1303869,-0.013379974,-0.047742161,-0.675117049,0.666466982,-0.013950789,1.295922022,-1.459153361,0.102455772,0.0237357,2.077697529
Phytoceramides.12,-1.698425091,-0.344206835,0.006353584,-0.769054248,-0.894271475,0.926481474,-0.094816025,0.929265864,-0.916184433,0.078013474,1.093579502,1.68326421
Phosphosphingolipids.5,-0.3273069,-2.057515999,-0.500001414,0.171576391,-0.314155664,1.50927798,0.903931035,1.466529511,-0.14725272,-0.149510248,-0.924808986,0.369237015
Lineolic acids and derivatives.10,-1.157129577,-0.572206248,-1.649836386,-0.05377864,-1.156162943,0.513296189,0.971376982,0.998862272,0.22251091,0.664126961,-0.348081437,1.567021917
Ceramides.12,-1.165443707,-0.375931199,0.843208159,0.966245096,-1.553554846,-0.487033556,-1.51411795,0.935965579,0.959903701,0.492238435,-0.035035682,0.93355597
Lysophosphatidylglycerols.2,-1.371676222,-1.27069913,1.20716623,0.172410091,-0.685113719,-0.47734178,-0.657817372,0.063714427,-0.601649432,1.257008613,1.452680371,0.911317922
Secondary alcohols.2,2.245929137,0.853255296,-0.088058726,-0.34668568,-0.373294273,-1.516185124,-0.831056015,0.375052137,0.648826172,-1.171566717,0.191391539,0.012392254
Glycerophosphoinositol phosphates,2.593025963,0.242684518,0.259324876,-0.5502271,0.021639697,0.715203011,0.345967647,-0.252433236,-0.386700103,-0.913727293,-1.124490061,-0.950267919
Lineolic acids and derivatives.11,2.369618648,0.804675854,-0.714414273,-0.916775609,-0.046115867,0.265645317,-0.322532011,0.230094149,0.909385518,-1.097633971,-0.624767782,-0.857179971
Retinoids.1,-2.112337794,-0.603380541,-0.03942847,-0.557677504,-0.500377879,-0.28013639,-0.3581822,0.953352732,-0.004453186,1.657909113,0.772009852,1.072702268
Indole-3-acetic acid derivatives.1,-0.737064403,1.17355949,-0.132542774,-0.704856603,-0.261211106,-1.465258297,-0.323395527,2.349490715,-0.207975472,0.651255597,-0.486697785,0.144696166
Proline and derivatives,-0.614468099,-0.23496647,1.467209093,-0.413312736,-0.362996958,0.895938622,-1.495935093,1.865908689,0.49105734,-0.981935271,0.003527737,-0.620026853
Fatty acyl glycosides of mono- and disaccharides.2,0.566943737,-0.896364941,-1.156434187,-0.843561272,-1.173940883,0.119567102,-1.121759086,0.719111846,0.826897292,1.263684497,0.162490491,1.533365404
Catechins,-1.509336966,-0.203861668,0.457821581,0.199951334,1.479779583,-0.075998815,1.566321551,-0.7310476,-0.519928824,-1.420094154,-0.202485654,0.958879633
Medium-chain fatty acids.2,-0.468388227,-1.108612676,-0.637433585,-0.958998935,1.587993378,0.332927847,-0.391214114,0.786250641,2.053406726,-0.691343031,-0.257217823,-0.247370201
Heteroaromatic compounds.2,-0.230831004,-0.18757006,-0.633695709,-0.978914565,-0.652976844,-0.802476656,-1.128172026,0.994117153,-0.481697467,1.54762848,0.870997725,1.683590973
Pyridines and derivatives.1,-0.71215148,-0.351343279,-0.764722986,-0.677964312,-0.245495335,0.307876346,0.500223569,0.963543179,0.035077929,1.004437803,1.838329364,-1.897810799
Biotin and derivatives.1,-0.727709782,-0.292036598,-0.658943601,-0.534530065,-0.084710353,0.458678995,0.544988605,0.926268289,0.154117767,0.864920127,-2.237184371,1.586140987
Pyrimidones,2.438946617,-0.525911834,-0.588949426,-0.286007399,-0.877991825,-0.344578779,0.666355105,-0.202952951,-1.23364047,0.379116058,-0.467244606,1.04285951
P-benzoquinones,-0.643347657,-0.097499981,1.100827029,-0.513877351,-0.138874014,-0.699244507,-0.158920501,2.751716495,-0.13784466,-0.202239966,-0.365110525,-0.895584363
Dipeptides.2,-0.658652568,0.963403542,-0.802299685,-0.97381564,-0.554770296,1.07200908,-1.215371413,1.836795586,0.211899308,1.097758657,-0.414613473,-0.562343097
Medium-chain aldehydes,0.247319264,-0.204555913,1.630444586,1.499766487,0.464398469,-0.615503096,0.797323376,-0.832902092,0.253812616,-0.757542357,-1.65693309,-0.82562825
Fatty aldehydes.1,-0.850371588,-0.604983326,0.568987574,0.137345893,0.176416203,1.116245339,-0.424724506,-1.868820523,-0.438438508,0.420287726,2.042985276,-0.27492956
Fatty amides.1,-0.687070986,1.9177898,0.068459495,-0.349802441,0.626622252,0.95866052,-0.922331046,-1.956656788,0.611563947,0.341609264,-0.471796797,-0.13704722
Purine ribonucleoside triphosphates,-1.942103849,-1.140592215,1.058601372,0.506653576,0.78632827,1.231929221,0.110191951,-1.239527962,0.641195299,0.199372112,-0.548771534,0.336723759
Ceramides.13,-0.185664181,0.782734343,-1.546307914,0.824843087,-1.008908932,0.787222092,0.381415171,0.766437209,-0.013467371,-0.882263323,-1.389668608,1.483628428
Fatty acid esters.4,-1.469428546,0.225996493,1.558627841,0.832886337,0.280644776,0.969416121,0.980092597,-0.628011605,-1.657753949,-0.168129763,-0.673780039,-0.250560261
Phosphosphingolipids.6,-0.082681098,2.95670865,-0.593730713,-0.404409868,-0.65977127,-0.319581356,-0.390918281,0.630152417,0.204577309,-0.459503642,-0.382551238,-0.49829091
Phosphosphingolipids.7,1.588746085,1.609988471,-0.318756561,-0.93348139,0.003241013,-0.588496259,-0.650445164,1.274064288,0.56059692,-0.76082117,-1.019973275,-0.764662957
Ceramides.14,-1.713988685,0.622995535,1.587460792,0.103690816,-0.895038537,1.176407943,0.183560167,0.707364253,0.045026826,-0.816259815,-1.292670285,0.291450992
Lineolic acids and derivatives.12,0.365909235,-2.419985531,0.662892146,0.055777174,1.130660308,0.434465404,0.422023691,-0.036340573,-1.475852228,-0.2337396,0.335829784,0.758360191
Phytoceramides.13,-1.539400889,-1.435584899,-0.765528652,0.739312607,0.087208595,1.226673398,1.481459667,-0.168102431,-0.595351196,-0.405822335,1.03164292,0.343493214
Glycosyldiacylglycerols.7,-0.559373377,-0.089434836,2.197297684,1.142726783,0.01514341,0.129382965,-1.188967953,0.389986563,-0.248230684,-0.099932494,-1.700211104,0.011613043
Polyprenylphenols,-1.202679601,-1.155743777,-0.908539265,-0.987268652,0.397113967,1.27737916,1.34193375,1.256728981,-0.30558748,-0.034656685,0.902925331,-0.581605728
Lineolic acids and derivatives.13,-1.195040108,-1.787008462,-0.453529948,-0.929791901,0.239690658,0.411114989,1.325610845,1.422506275,0.903819456,-0.048149972,-0.432308679,0.543086847
Long-chain ceramides.6,-1.657562768,-1.337267006,0.022554953,0.960743128,1.492934507,0.492033516,0.562266223,-0.044680284,-1.216079032,-0.226205954,1.095755845,-0.144493128
Xanthophylls.1,-1.753302199,0.271082099,-1.44800611,-0.564634148,0.627176416,-0.280376237,-0.247199707,1.738219282,0.607508132,-0.088262896,1.223989968,-0.086194599
Quinic acids and derivatives,-0.090825087,1.25813159,1.308229801,0.249163053,-0.861701136,0.226570501,-0.050109287,1.376875918,-0.189436137,-1.563387857,-0.097097822,-1.566413536
Methoxyphenols.2,2.757487301,1.198904146,-0.10690173,-0.475970735,-0.453739941,-0.562930488,-0.530805376,-0.164959628,-0.040110655,-0.579228584,-0.452134974,-0.589609335
Dipeptides.3,-0.874785751,-0.103908448,-0.424812373,-0.820903024,0.168494971,-0.043173512,-0.549700467,2.82165376,0.655048126,-0.685938841,0.216912093,-0.358886535
Serotonins,0.394859376,-1.446733229,-0.05978976,-0.597384652,0.710784435,-0.249090375,-0.560687744,-0.58136253,1.117172588,-0.37017493,-0.66828274,2.31068956
Medium-chain fatty acids.3,-0.962031666,-1.307901064,0.344755487,-0.974057364,-0.013944447,1.180296777,-0.715551523,2.042738735,0.552039507,-0.597462614,0.702367403,-0.251249232
Alkylglucosinolates,-0.509183615,1.806773311,0.946211192,-1.24531073,0.525594405,0.016325199,-1.33146584,1.197032838,0.073783701,0.096571653,-0.406851658,-1.169480456
Carboxylic acids,-1.074715463,-0.366456794,-1.137498205,0.234952435,-0.246819037,-0.290318284,1.395760214,-0.860473243,1.58690498,1.535476454,-0.806827095,0.030014036
Oligosaccharides.4,1.126928269,0.535198913,1.51848365,0.749652492,0.670167915,-0.280037305,0.382754538,-1.045573148,-1.25946449,-1.374278601,-1.148133249,0.124301017
Hydroxyindoles,1.282343925,1.440171969,-1.451650869,0.070075889,-1.176348917,0.493883514,-0.933991958,-1.044778678,1.025995724,-0.411924492,0.122947206,0.583276685
Alkyl-phenylketones.1,-0.501407429,-0.450924853,1.905932878,-1.012581785,1.803518831,-0.298868941,-0.383583979,0.525976623,0.152974166,0.021464302,-1.403025653,-0.35947416
Indoles.1,2.649321908,1.025243632,0.772449219,-0.632935104,-0.709533007,-0.407000959,-0.44178567,-0.348744811,-0.42453792,-0.397085542,-0.642327432,-0.443064314
Pyridines and derivatives.2,0.629813276,2.271196264,1.140607332,0.75191868,-0.274970183,-0.788559614,-0.230624843,-0.747100229,-0.970677453,-0.585940681,-0.230742132,-0.964920418
O-glycosyl compounds,0.508913863,-0.067384084,-0.859517381,-0.878356783,-0.650213213,-1.470408811,-0.574412739,2.077612109,-0.086688683,1.316788397,0.441173536,0.242493788
Purines and purine derivatives,1.503047529,0.592605804,0.788029961,-0.880862353,0.298310193,0.684878178,-0.855121208,1.08000301,0.273891675,-1.592216246,-1.207049095,-0.685517448
Tertiary alcohols,-0.423051113,-0.468734631,-0.417514643,-0.426591203,-0.436455928,-0.361557511,-0.474107916,2.034858036,2.239875531,-0.408365838,-0.484775937,-0.373578847
Secondary alcohols.3,0.14546447,-1.421942815,2.197080701,0.031909891,1.221617416,0.43866008,-0.293070389,0.351891965,-0.663741829,-0.794509722,-0.14498355,-1.068376218
Phytoceramides.14,-0.011801003,-1.895872307,0.978788877,-0.37202315,0.689259254,1.175531597,0.309652804,0.115051005,-0.885673737,-0.747181761,-0.859556557,1.503824979
Ceramides.15,-0.598558351,-0.162723088,0.37504253,0.176126333,-0.183710061,-0.155005166,-0.258553712,2.831132185,-1.389345275,-0.591410261,-0.12795313,0.084957997
Long-chain ceramides.7,-1.827140445,0.391052768,0.312807367,0.648421389,-1.966965537,0.635777455,0.565765767,0.823235206,-0.517457126,0.083591664,-0.310271326,1.161182818
Stigmastanes and derivatives.7,-0.549318899,1.23658169,-0.951694078,-1.137305893,-1.892428296,0.632011404,0.452788934,1.340420538,0.270692594,0.424549416,-0.512672209,0.686374801
Phosphoethanolamines.2,0.811738076,-0.791261006,1.547551254,-0.034526087,2.163183437,-0.203383165,-0.916259791,-0.056482049,-0.343018205,-0.549265168,-0.88636631,-0.741910988
Glycosyldiacylglycerols.8,0.296312103,0.513223707,1.493918318,0.84890253,1.138875213,-0.030089705,0.622701313,-0.455548516,-1.384082251,-0.882892716,-0.459244553,-1.702075443
Secondary alcohols.4,-1.116383263,-0.127626897,-0.473121159,2.27290588,-0.26053166,-0.600456569,-0.544418532,0.026332766,-1.174264313,0.36982595,0.188764048,1.438973748
Tocotrienols,0.865821228,0.332946633,-0.670778566,-0.720524782,-0.333081546,-0.643291379,-0.792067155,0.600317017,2.53758156,0.232628342,-0.997204003,-0.41234735
Pyridinecarboxylic acids,-0.511314232,-0.013579717,-0.751780321,-0.723961637,-0.47246099,-0.784547168,-1.389014766,1.712643687,-0.152983955,0.338826983,1.244852975,1.50331914
Purine nucleosides,-0.755836743,-0.463118907,-0.330917851,-0.515629903,0.281763903,0.42767746,-0.891591141,0.149980151,-0.686882637,-0.168107116,2.872745844,0.079916941
Coumarins and derivatives,-0.913518338,-1.00235944,-0.360023661,-1.007066769,0.161455977,0.481945994,-1.114547924,2.386478232,0.532368308,0.094720743,0.013530527,0.727016353
Dipeptides.4,-0.754368853,0.427194115,-1.304892414,-1.38115595,-0.099311594,-0.693209779,-0.002718619,2.284913603,0.496034024,0.220462079,0.012032228,0.795021161
Fatty alcohols,-0.666133296,0.079628254,-0.344193156,0.21624243,0.054164948,2.896221149,-0.315209443,-1.029466232,-0.172122552,0.372588256,-0.733120297,-0.35860006
Alkanes.1,-1.315905368,-0.515795442,1.294014547,0.227132262,0.031480961,1.44216727,-0.036817378,0.881149921,-1.784014577,0.820349563,-0.42896559,-0.61479617
Resorcinols.2,-1.010005647,0.659188788,-0.314012293,-1.086389623,-1.754282472,0.473579409,-0.885361853,0.413870301,0.620931125,0.291358545,0.993760941,1.597362778
Primary alcohols,-0.629029999,-0.576132614,-0.357100283,-0.496646414,-0.416887151,-0.62867236,-0.69549147,1.71526709,1.572441001,1.654726164,-0.712707886,-0.429766078
Hydroxypyrimidines,-1.772332692,-1.557928484,0.013351739,-0.61656244,0.614136553,-0.217626034,0.149336947,1.432015489,0.367202523,1.330569579,-0.425779918,0.683616738
Tryptamines and derivatives,2.67688165,1.409345968,-0.115295702,-0.411920067,-0.311685498,-0.462417083,-0.665787394,-0.362508344,-0.406670366,-0.427515283,-0.515195738,-0.407232143
Dipeptides.5,-0.747169428,-0.310269924,-0.970581124,-0.863293417,-0.694870447,-0.60732053,-0.515790597,0.65722846,0.720252562,1.754986349,-0.27614233,1.852970426
Histidine and derivatives,-0.906346677,-0.538143703,-0.787866808,-0.983937399,-0.715996043,-0.485640589,-0.738143624,0.603683591,1.355430656,0.105088072,1.63022601,1.461646514
Quinoline carboxylic acids,0.424842477,-1.327780499,0.256798635,-0.773221351,0.085504607,0.026716304,-0.351359845,2.564073321,0.75547985,-0.865462114,-0.238919666,-0.556671719
Purine nucleosides.1,-0.658112795,-0.502972867,0.615024353,0.451390993,0.687080159,0.97115438,-0.090823687,1.635039281,0.496307602,-1.7357223,-0.372654535,-1.495710584
Phosphosphingolipids.8,0.352654189,1.696179215,-2.062838506,-0.235827975,0.9913403,0.692114709,-0.350438679,-0.233439799,0.811466016,-0.363230081,-0.193015268,-1.10496412
Isoflavonoid O-glycosides.1,-1.323526242,-0.049934789,1.176796508,-0.151936001,0.465923835,0.365415574,0.625614964,0.563260984,-0.039244751,0.607437566,-2.516272321,0.276464672
Medium-chain fatty acids.4,-1.37190537,-1.129162189,0.790462174,-1.589342331,0.066479417,0.600371718,-0.241984343,1.567405033,1.03732258,0.143615303,-0.531254191,0.657992199
Phytoceramides.15,-1.008556154,-0.903363826,0.649762613,2.217029988,-0.447943861,0.812203027,0.467010398,0.111403051,-0.981772835,-0.742942926,-0.863499336,0.69066986
Phytoceramides.16,-1.612216703,0.381234204,0.060930287,0.303304619,0.07689008,1.070030553,1.45706892,1.47143165,-0.740722526,-0.536549057,-1.063070254,-0.868331774
Long-chain ceramides.8,-0.150828309,-1.146742581,-1.310356323,1.565003708,-0.436077173,0.419812344,1.412214775,-1.355146346,0.027577358,0.088655092,1.112930874,-0.22704342
Long-chain ceramides.9,-1.436028898,-1.937826055,-0.923788049,0.813096329,-0.521093641,-0.17982364,0.864925836,0.922139152,0.960652987,0.258999257,0.79083309,0.387913632
Secondary alcohols.5,-0.690475972,-0.595796407,-0.512234841,1.249208267,-1.060621621,-0.976563796,0.652783037,-1.301254143,0.966183693,1.361247849,1.142628484,-0.23510455
Long-chain ceramides.10,-1.315949919,-0.528553641,-0.625364631,0.690067946,-0.825700362,-0.516608323,-0.317212464,1.956444428,-0.253772856,-0.624820406,1.208987132,1.152483097
Stigmastanes and derivatives.8,-1.124917362,-0.407994418,-1.215428282,0.406161415,0.154199485,0.795580356,-1.191884216,1.426362559,1.237113566,0.339841274,-1.229396541,0.810362164
Stigmastanes and derivatives.9,1.390849092,1.423389171,-1.2986172,-0.164491447,-1.09804043,1.500426828,-0.473322367,0.456006504,0.259670899,-0.751329225,-0.746210009,-0.498331815
Pyrimidinecarboxylic acids,0.231560444,0.413688397,0.795451606,0.057595062,-0.308764123,-0.549571472,2.60000808,0.106725454,-0.556104072,-0.923674065,-1.114113257,-0.752802054
Phosphoethanolamines.3,1.711527614,0.9763617,-0.249235521,-1.16800408,-0.00658791,0.089812742,-0.120747907,1.37875965,0.20929501,-0.15615382,-1.060487013,-1.604540464
Glycosyl-N-acylsphingosines.4,-1.18912756,-0.352794755,-0.896712789,1.885520684,0.067124537,-0.489724585,-0.366154311,-0.030638066,-1.216731804,0.523121904,0.387158273,1.678958472
Tocotrienols.1,-0.958884093,0.187550474,-0.110191693,-0.521402794,0.057087262,-0.003160527,-1.015689521,2.154036265,-1.477386897,0.747447458,-0.201598908,1.142192973
Tocotrienols.2,-1.151499962,-0.294115664,0.689885433,-1.152963668,2.138851215,-1.218407122,-0.632158536,0.62893275,-0.305436618,0.021752101,0.740327646,0.534832426
Phosphosphingolipids.9,1.88022099,-0.357562323,1.348984718,-0.558116322,0.9844584,0.085433538,-0.777698059,0.768692198,-1.157168521,-0.561938202,-0.761804046,-0.89350237
Fatty acid esters.5,-0.645219393,0.996072638,0.811760865,-0.516332809,-0.628844023,1.905183941,1.026450436,-0.024013878,-0.230340127,-1.172301881,-1.468457835,-0.053957934
Tocotrienols.3,0.285558634,1.267669407,-0.902820626,-0.646701305,-0.479722501,-0.50380467,-0.725760334,0.499874209,-0.221845048,0.08434304,-1.039998938,2.383208132
Glycosyl-N-acylsphingosines.5,1.216830488,1.025374631,0.077124662,-0.595887004,-0.514294608,-0.557304351,-0.512660923,1.127120024,1.717328205,-1.20360917,-0.799284016,-0.980737938
Maleimides,0.372662378,-0.334576762,-0.501369522,-0.576421651,-0.871038361,-0.634433931,-0.508638099,2.60209729,-0.706778473,-0.416078965,0.963934736,0.610641361
Dipeptides.6,0.467878306,2.548863448,0.127391705,-0.382028465,-0.17183178,0.134381677,-0.984818307,0.83573713,0.08129687,-1.0110303,-0.930427827,-0.715412457
Dipeptides.7,2.357147179,0.795292964,0.157683594,9.63E-05,0.850633783,-0.270949164,-0.291955622,-0.823564075,0.186833765,-0.618263799,-0.992397751,-1.35055719
Indoles.2,-0.860794847,-1.48854879,-0.889713533,-1.222289677,0.374104492,0.337107906,-0.368898285,0.134591689,0.918760912,0.585171471,0.503074959,1.977433702
Dipeptides.8,-0.236195606,-1.568946417,1.681350189,0.364996499,1.150853044,-0.040022934,-1.00701614,-0.359850802,0.048114554,-0.609348058,-0.832965227,1.409030898
Dipeptides.9,0.333307184,-0.767345618,1.510757014,-0.699406573,-0.591224795,-1.591363378,-0.998907407,1.540042472,0.649888194,0.150047825,0.833927904,-0.369722822
Pyridoxines,-0.600722978,0.648150619,-1.581604189,-0.422900989,0.726537704,0.701331408,0.041208091,-0.239524819,2.353346427,-0.608649336,-0.638796957,-0.37837498
Hydroxycinnamic acids and derivatives.2,-0.344486288,1.669593967,1.725236365,1.188738872,0.218042259,-0.974093019,-0.698987161,-1.237644114,-0.478833571,-0.21947112,-0.265277526,-0.582818664
Hydroxyindoles.1,-0.879112499,-0.388162545,0.176854937,-0.592208759,-0.182112224,-0.230725022,-0.470104025,-0.108172899,0.05053688,3.038731276,-0.369984316,-0.045540805
Medium-chain fatty acids.5,2.668964682,1.119302876,0.516324217,-0.182626869,-0.153816301,-0.521020766,-0.561246762,-0.56594478,-0.766279058,-0.520972414,-0.487908379,-0.544776446
Phosphosphingolipids.10,-1.135210472,-0.266365924,2.734797258,0.310198416,-0.068517459,0.346953108,0.065185513,-0.275138192,-0.972710266,-0.225126513,0.34753618,-0.861601648
Tocotrienols.4,-0.525129869,2.544632568,0.472194754,0.130735584,0.576983002,0.715352048,-1.055893581,-0.609142966,-0.021287814,-0.862288444,-0.658227771,-0.707927511
